fdc_id,description
321358,"Hummus, commercial"
324038,"Sauce, salsa, ready-to-serve"
324653,"Pickles, cucumber, dill or kosher dill"
325198,"Cheese, pasteurized process, American, vitamin D fortified"
325287,"Grapefruit juice, white, canned or bottled, unsweetened"
325871,"Bread, white, commercially prepared"
325992,"Sausage, turkey, breakfast links, mild, raw"
326135,"Cheese, swiss"
326458,"Carrots, frozen, unprepared (Includes foods for USDA's Food Distribution Program)"
326698,"Mustard, prepared, yellow"
326905,"Figs, dried, uncooked"
327357,"Nectarines, raw"
327501,"Oranges, raw, navels (Includes foods for USDA's Food Distribution Program)"
327699,"Strawberries, raw"
327923,"Lettuce, cos or romaine, raw"
328637,"Cheese, cheddar"
328841,"Cheese, cottage, lowfat, 2% milkfat"
329830,"Cheese, dry white, queso seco"
330458,"Oil, coconut"
330869,"Turkey, ground, 93% lean, 7% fat, pan-broiled crumbles"
332397,"Ham, sliced, pre-packaged, deli meat (96%fat free, water added)"
332597,"Pears, raw, bartlett (Includes foods for USDA's Food Distribution Program)"
332791,"Olives, green, Manzanilla, stuffed with pimiento"
333008,"Cookies, oatmeal, soft, with raisins"
333374,"Fish, haddock, raw"
333476,"Fish, pollock, raw"
334536,"Restaurant, Chinese, fried rice, without meat"
335240,"Bread, whole-wheat, commercially prepared"
746764,"Carrots, frozen, unprepared"
746765,"Cheese, dry white, queso seco"
746767,"Cheese, swiss"
746768,"Figs, dried, uncooked"
746769,"Lettuce, cos or romaine, raw"
746771,"Oranges, raw, navels"
746773,"Pears, raw, bartlett"
746777,"Sauce, salsa, ready-to-serve"
746783,"Sausage, turkey, breakfast links, mild, raw"
746785,"Turkey, ground, 93% lean, 7% fat, pan-broiled crumbles"
746952,"Ham, sliced, restaurant"
747429,"Cheese, American, restaurant"
747448,"Strawberries, raw"
747693,"Ketchup, restaurant"
748278,"Oil, canola"
748323,"Oil, corn"
748366,"Oil, soybean"
1105430,"Apples, red delicious, with skin, raw"
1105547,"Apples, honeycrisp, with skin, raw"
1105664,"Apples, granny smith, with skin, raw"
1105781,"Apples, gala, with skin, raw"
1105897,"Apples, fuji, with skin, raw"
1750339,"Apples, red delicious, with skin, raw"
1750340,"Apples, fuji, with skin, raw"
1750341,"Apples, gala, with skin, raw"
1750342,"Apples, granny smith, with skin, raw"
1750343,"Apples, honeycrisp, with skin, raw"
1750348,"Oil, peanut"
1750349,"Oil, sunflower"
1750350,"Oil, safflower"
2003590,"Apple juice, with added vitamin C, from concentrate, shelf stable"
2003591,"Orange juice, no pulp, not fortified, from concentrate, refrigerated"
2003592,"Grape juice, purple, with added vitamin C, from concentrate, shelf stable"
2003593,"Grape juice, white, with added vitamin C, from concentrate, shelf stable"
2003594,"Cranberry juice, not fortified, from concentrate, shelf stable"
2003595,"Grapefruit juice, red, not fortified, not from concentrate, refrigerated"
2003597,"Orange juice, no pulp, not fortified, not from concentrate, refrigerated"
2258586,"Carrots, mature, raw"
2258587,"Carrots, baby, raw"
2258588,"Peppers, bell, green, raw"
2258589,"Peppers, bell, yellow, raw"
2258590,"Peppers, bell, red, raw"
2258591,"Peppers, bell, orange, raw"
2259792,"Buttermilk, low fat"
2262075,"Flaxseed, ground"
2263887,"Strawberries, raw"
2263888,"Raspberries, raw"
2263890,"Grapes, red, seedless, raw"
2263891,"Grapes, green, seedless, raw"
2263892,"Applesauce, unsweetened, with added vitamin C"
2346384,"Cottage cheese, full fat, large or small curd"
2346385,"Cream cheese, full fat, block"
2346386,"Cream, heavy"
2346387,"Cream, sour, full fat"
2346388,"Lettuce, iceberg, raw"
2346389,"Lettuce, romaine, green, raw"
2346390,"Lettuce, leaf, red, raw"
2346391,"Lettuce, leaf, green, raw"
2346396,"Oats, whole grain, rolled, old fashioned"
2346397,"Oats, whole grain, steel cut"
2346398,"Pineapple, raw"
2346399,"Cherries, sweet, dark red, raw"
2346401,"Potatoes, russet, without skin, raw"
2346402,"Potatoes, red, without skin, raw"
2346403,"Potatoes, gold, without skin, raw"
2346404,"Sweet potatoes, orange flesh, without skin, raw"
2346405,"Celery, raw"
2346406,"Cucumber, with peel, raw"
2346407,"Cabbage, green, raw"
2346408,"Cabbage, red, raw"
2346409,"Strawberries, raw"
2346410,"Raspberries, raw"
2346412,"Grapes, red, seedless, raw"
2346413,"Grapes, green, seedless, raw"
2346414,"Applesauce, unsweetened, with added vitamin C"
2512378,"Buckwheat, whole grain"
2512379,"Millet, whole grain"
2512380,"Rice, brown, long grain, unenriched, raw"
2512381,"Rice, white, long grain, unenriched, raw"
2514747,"Turkey, ground, 93% lean/ 7% fat, raw"
2515373,"Nuts, brazilnuts, raw"
2515374,"Nuts, cashew nuts, raw"
2515375,"Nuts, hazelnuts or filberts, raw"
2515376,"Peanuts, raw"
2515378,"Nuts, macadamia nuts, raw"
2515379,"Nuts, pistachio nuts, raw"
2515380,"Seeds, pumpkin seeds (pepitas), raw"
2515381,"Seeds, sunflower seed, kernel, raw"
2644284,"Blackeye pea, dry"
2644293,"Blackeye pea, canned, sodium added, drained and rinsed"
2647438,"Cheese, monterey jack, solid"
2647439,"Cheese, pasteurized process cheese food or product, American, singles"
2647440,"Cheese, provolone, sliced"
2647441,"Cheese, oaxaca, solid"
2647442,"Cheese, queso fresco, solid"
2647443,"Cheese, cotija, solid"
2684442,"Fish, tilapia, farm raised, raw"
2684443,"Crustaceans, shrimp, farm raised, raw"
2684444,"Fish, cod, Atlantic, wild caught, raw"
2684445,"Fish, catfish, farm raised, raw"
2684446,"Crustaceans, crab, blue swimming, lump, pasteurized, refrigerated"
2685569,"Squash, summer, yellow, includes skin, raw"
2685570,"Squash, winter, butternut, raw"
2685571,"Squash, winter, acorn, raw"
2685572,"Cabbage, bok choy, raw"
2685573,"Cauliflower, raw"
2685574,"Collards, raw"
2685575,"Brussels sprouts, raw"
2685576,"Beets, raw"
2710816,"Melons, honeydew, raw"
2710817,"Plantains, ripe, raw"
2710818,"Plantains, underripe, raw"
2710819,"Chia seeds, dry, raw"
2710820,"Bulgur, dry, raw"
2710821,"Wild rice, dry, raw"
2710822,"Arugula, baby, raw"
2710823,"Asparagus, green, raw"
2710825,"Rice, black, unenriched, raw"
2710826,"Corn, sweet, yellow and white kernels,  fresh, raw"
2710827,"Einkorn, grain, dry, raw"
2710828,"Farro, pearled, dry, raw"
2710829,"Fonio, grain, dry, raw"
2710830,"Khorasan, grain, dry, raw"
2710832,"Mandarin, seedless, peeled, raw"
2710833,"Mango, Tommy Atkins, peeled, raw"
2710834,"Mango, Ataulfo, peeled, raw"
2710836,"Pear, Anjou, green, with skin, raw"
2710837,"Plum, black, with skin, raw"
2710838,"Rice, red, unenriched, dry, raw"
2710839,"Sorghum bran, white, unenriched, dry, raw"
2710841,"Sorghum grain, white, pearled, unenriched, dry, raw"
2710842,"Sorghum, whole grain, white, dry, raw"
2710843,"Plantains, overripe, raw"
2727570,"Lamb, ground, raw"
2727577,"Pawpaw, peeled, seeded, raw"
2727578,"Squash, pie pumpkin, peeled, seeded, raw"
2727580,"Rutabaga, peeled, raw"
2727581,"Blackberries, raw"
2727582,"Tomatillos, dehusked, raw"
2727583,"Cabbage, napa, leaf, destemmed, raw"
2727584,"Leeks, bulb and greens, root removed, raw"
2727586,"Shallots, bulb, peeled, root removed, raw"
2727587,"Juice, prune, shelf-stable"
2727588,"Juice, pomegranate, from concentrate, shelf-stable"
2727589,"Juice, tart cherry, from concentrate, shelf-stable"
2747653,"Beet greens, raw"
2747654,"Cod, Pacific or Alaskan, frozen, wild caught"
2747655,"Fennel, bulb, raw"
2747656,"Halibut, frozen, wild caught"
2747657,"Lobster, tail only, frozen, wild caught"
2747658,"Mahi mahi, frozen, wild caught"
2747659,"Parsnips, raw"
2747661,"Peppers, jalapeno, seeded, raw"
2747662,"Peppers, poblano, seeded, raw"
2747663,"Peppers, serrano, seeded, raw"
2747664,"Radicchio, raw"
2747665,"Radishes, red, raw"
2747666,"Scallops, bay, Patagonian, frozen, wild caught"
2747667,"Scallops, sea, frozen, wild caught"
2747668,"Sea bass, Chilean, frozen, wild caught"
2747670,"Snow crab, legs only, frozen  "
2747671,"Squid (calamari), frozen, tubes only"
2747674,"Turnips, raw"
2747675,"Watermelon, seedless, flesh only, raw"
2747676,"Watermelon, seedless, rind only, raw"
